ID,Sammlungs-ID,Marke,Name,Abfüllserie,Status,"Deklariertes Alter",Größe,Stärke,Einheit,Fasstyp,Liste,Bewertung,"Meine Bewertung","Bezahlter Preis",Währung,"Mittlerer preis","Währung Whisky",Destillerien,Jahrgang,"Hinzugefügt am",Bild,Auktionspreis:,"Währung Whisky",Notizen,Kaufort
67244,5053143,Glendronach,21-year-old,Parliament,open,21,700,48.00,%vol,"Oloroso and Pedro Ximénez Sherry",,89.71,,,,256.53,EUR,Glendronach,,"2020-12-19 18:18:12",https://static.whiskybase.com/storage/whiskies/6/7/244/362969-normal.png,200.44,EUR,,
146557,5053170,Kavalan,Selection,"Sherry Cask",open,,700,58.60,%vol,"1st Fill Puncheon",,88.88,,,,299.9,EUR,Kavalan,17.12.2008,"2020-12-19 18:22:31",https://static.whiskybase.com/storage/whiskies/1/4/6557/248413-normal.png,224.95,EUR,,
171899,5053544,Glendronach,"Traditionally Peated",,open,,700,48.00,%vol,"Pedro Ximénez, Oloroso Sherry & Port Casks",,82.73,,,,54.9,EUR,Glendronach,,"2020-12-19 20:07:39",https://static.whiskybase.com/storage/whiskies/1/7/1899/293793-normal.png,48.75,EUR,,
117422,5053558,"Ailsa Bay","Release 1.2 Sweet Smoke","Micro Maturation",empty,,700,48.90,%vol,"Hudson Whiskey Casks",,84.45,,,,73.9,EUR,"Ailsa Bay",,"2020-12-19 20:11:34",https://static.whiskybase.com/storage/whiskies/1/1/7422/226974-normal.png,63.19,EUR,,
80202,5053575,Clynelish,14-year-old,"Coastal Highland Scotch Whisky",open,14,750,46.00,%vol,,,85.71,,,,72.99,EUR,Clynelish,,"2020-12-19 20:17:11",https://static.whiskybase.com/storage/whiskies/8/0/202/125076-normal.png,97.17,EUR,,
113099,5053579,Laphroaig,Cairdeas,"Feis Ile 2018",open,,700,51.80,%vol,"1st Fill ex-Bourbon & Fino Sherry Casks",,86.17,,,,219.64,EUR,Laphroaig,,"2020-12-19 20:19:10",https://static.whiskybase.com/storage/whiskies/1/1/3099/398719-normal.png,115.27,EUR,,
41501,5053588,Glengoyne,21-year-old,,open,21,700,43.00,%vol,Sherry,,88.09,,,,219.9,EUR,Glengoyne,,"2020-12-19 20:21:46",https://static.whiskybase.com/storage/whiskies/4/1/501/78074-normal.png,160.79,EUR,,
130138,5053609,Laphroaig,"Triple Wood",,open,,700,48.00,%vol,"Bourbon + Quarter + Europ. Oak Oloroso Sherry",,86.07,,,,162.43,EUR,Laphroaig,,"2020-12-19 20:32:34",https://static.whiskybase.com/storage/whiskies/1/3/0138/218569-normal.png,79.74,EUR,,
101376,5053625,Ledaig,10-year-old,,open,10,750,46.30,%vol,,,84.91,,,,47.01,EUR,Tobermory,,"2020-12-19 20:39:00",https://static.whiskybase.com/storage/whiskies/1/0/1376/177776-normal.png,,,,
89645,5053627,Laphroaig,Brodir,"Travel Retail Exclusive",closed,,700,48.00,%vol,"Ex-Bourbon Barrels + Ruby Port Casks Finish",,85.59,,,,268.26,EUR,Laphroaig,,"2020-12-19 20:41:01",https://static.whiskybase.com/storage/whiskies/8/9/645/170104-normal.png,125.66,EUR,,
168502,5053639,Scarabus,"Islay Single Malt Scotch Whisky HL",,open,,700,46.00,%vol,,,83.09,,,,37.9,EUR,,,"2020-12-19 20:46:36",https://static.whiskybase.com/storage/whiskies/1/6/8502/287500-normal.png,34.85,EUR,,
155774,5053646,Oban,14-year-old,"Little Bay of Caves",closed,14,200,43.00,%vol,,,80.31,,,,239.9,NOK,Oban,,"2020-12-19 20:49:26",https://static.whiskybase.com/storage/whiskies/1/5/5774/263384-normal.png,35.53,EUR,,
68682,5053654,Talisker,10-year-old,"Made by the Sea",closed,10,200,45.80,%vol,,,84.65,,,,19.2,EUR,Talisker,,"2020-12-19 20:53:31",https://static.whiskybase.com/storage/whiskies/6/8/682/231742-normal.png,25.72,EUR,,
99809,5053660,"Old Ballantruan","The Peated Malt","Speyside Glenlivet",open,,700,50.00,%vol,"Oak Casks",,82.36,,,,36.65,EUR,Tomintoul,,"2020-12-19 20:55:09",https://static.whiskybase.com/storage/whiskies/9/9/809/159870-normal.png,31.79,EUR,,
126393,5053664,Laphroaig,Lore,,open,,700,48.00,%vol,"Ex-Laphroaig Barrels, Sherry & Quarter Casks",,87.20,,,,77.27,EUR,Laphroaig,,"2020-12-19 20:56:12",https://static.whiskybase.com/storage/whiskies/1/2/6393/212536-normal.png,68.75,EUR,,
89596,5053672,Tamdhu,"Batch Strength",,open,,700,58.50,%vol,"Sherry Casks",,86.01,,,,149.99,EUR,Tamdhu,,"2020-12-19 20:58:03",https://static.whiskybase.com/storage/whiskies/8/9/596/149838-normal.png,79.26,EUR,,
107072,5053681,Talisker,18-year-old,"Made by the Sea",open,18,700,45.80,%vol,"Bourbon and Sherry Casks",,85.42,,,,105,EUR,Talisker,,"2020-12-19 20:59:49",https://static.whiskybase.com/storage/whiskies/1/0/7072/357324-normal.png,142.84,EUR,,
102030,5053685,Ardmore,1996,,open,20,700,49.30,%vol,"1st Fill Bourbon Casks & Ex-Islay Casks",,86.88,,,,140.17,EUR,Ardmore,1996,"2020-12-19 21:00:41",https://static.whiskybase.com/storage/whiskies/1/0/2030/181966-normal.png,114.1,EUR,,
143434,5053694,"Islay PBS","Cadenhead's 1842 CA","Islay Malt - Cadenhead Cologne Bottling",open,,700,59.40,%vol,,,85.67,,,,53.61,EUR,,,"2020-12-19 21:03:19",https://static.whiskybase.com/storage/whiskies/1/4/3434/241105-normal.png,,,,
105671,5053699,Lossit,"NAS TLDC","Classic Selection",open,,700,43.00,%vol,,,80.79,,,,50.95,EUR,,,"2020-12-19 21:05:22",https://static.whiskybase.com/storage/whiskies/1/0/5671/170453-normal.png,60.5,EUR,,
70248,5053703,Jericho,"NAS TLDC","Classic Selection",open,,700,43.00,%vol,,,82.48,,,,172.9,EUR,,,"2020-12-19 21:06:35",https://static.whiskybase.com/storage/whiskies/7/0/248/109346-normal.png,33,EUR,,
106254,5053712,"Paul John","Peated Select Cask",,open,,700,55.50,%vol,,,85.00,,,,84.8,EUR,"John Distilleries",,"2020-12-19 21:08:27",https://static.whiskybase.com/storage/whiskies/1/0/6254/211583-normal.png,41.8,EUR,,
131902,5053718,Talisker,"Dark Storm","Matured in Charred Casks",open,,1000,45.80,%vol,"Heavily Charred Casks",,85.50,,,,50.45,EUR,Talisker,,"2020-12-19 21:10:03",https://static.whiskybase.com/storage/whiskies/1/3/1902/221729-normal.png,46.68,EUR,,
103198,5053720,"Caol Ila",25-year-old,,open,25,700,43.00,%vol,,,89.01,,,,432,EUR,"Caol Ila",,"2020-12-19 21:11:26",https://static.whiskybase.com/storage/whiskies/1/0/3198/399198-normal.png,207.53,EUR,,
117267,5053725,"Glen Moray",15-year-old,"Elgin Heritage",open,15,700,46.00,%vol,"American & Oloroso Sherry Casks",,81.67,,,,48.9,EUR,"Glen Moray",,"2020-12-19 21:13:30",https://static.whiskybase.com/storage/whiskies/1/1/7267/196987-normal.png,40.18,EUR,,
130659,5053727,Smokehead,"High Voltage IM",,open,,700,58.00,%vol,,,86.78,,,,46.9,EUR,,,"2020-12-19 21:14:31",https://static.whiskybase.com/storage/whiskies/1/3/0659/219748-normal.png,40.96,EUR,,
97304,5053730,Inchmoan,12-year-old,"Island Collection",open,12,700,46.00,%vol,"Re-charred American Oak & Refill Bourbon",,82.55,,,,53.5,EUR,"Loch Lomond",,"2020-12-19 21:15:16",https://static.whiskybase.com/storage/whiskies/9/7/304/275319-normal.png,35.91,EUR,,
131294,5053732,Flóki,03-year-old,"Beer Barrel Finish",open,3,500,45.00,%vol,"Imperial Stout Finish",,79.33,,,,69.9,EUR,"Eimverk Distillery",,"2020-12-19 21:16:14",https://static.whiskybase.com/storage/whiskies/1/3/1294/281083-normal.png,29.06,EUR,,
94065,5053742,Ballechin,2005,"SFTC - Bordeaux Cask Matured",open,11,500,57.10,%vol,"Bordeaux Red Wine Cask",,86.81,,,,81.75,EUR,Edradour,07.12.2005,"2020-12-19 21:18:09",https://static.whiskybase.com/storage/whiskies/9/4/065/152476-normal.png,71.26,EUR,,
162172,5053745,"Islay Single Malt Scotch Whisky","2009/2010 NSS","Chaos - Limited Edition No. 1",open,,700,50.00,%vol,"PX hogshead x2, refill hogshead x1",,86.38,,,,68.09,GBP,,2009/2010,"2020-12-19 21:18:54",https://static.whiskybase.com/storage/whiskies/1/6/2172/273885-normal.png,40.7,EUR,,
105438,5053753,Ardmore,"1996 DL","Old Particular",open,21,700,52.00,%vol,"Refill Hogshead",,86.70,,,,95.9,EUR,Ardmore,10.1996,"2020-12-19 21:21:05",https://static.whiskybase.com/storage/whiskies/1/0/5438/184137-normal.png,93.47,EUR,,
221260,5053755,Laphroaig,"Cairdeas - 15-year-old",,open,15,700,43.00,%vol,"1st Fill Ex-Bourbon Casks",,87.05,,,,316.87,EUR,Laphroaig,2002,"2020-12-19 21:21:51",https://static.whiskybase.com/storage/whiskies/2/2/1260/165972-normal.png,127.45,EUR,,
154997,5053770,Ledaig,"2007 LT","From Miles Away - Artist Edition 2020",open,13,700,52.90,%vol,"1st Fill PX Sherry Butt",,87.66,,,,113.04,EUR,Tobermory,02.2007,"2020-12-19 21:32:10",https://static.whiskybase.com/storage/whiskies/1/5/4997/265474-normal.png,143,EUR,,
99892,5053774,Flóki,"Icelandic Young Malt","Sheep Dung Smoked Reserve",open,,500,47.00,%vol,"American Oak Barrel",,75.38,,,,75,EUR,"Eimverk Distillery",,"2020-12-19 21:32:59",https://static.whiskybase.com/storage/whiskies/9/9/892/160250-normal.png,,,,
170724,5053780,"Classic of Islay","Vintage 2020 JW",,open,,700,56.30,%vol,,,85.30,,,,42.9,EUR,,,"2020-12-19 21:34:27",https://static.whiskybase.com/storage/whiskies/1/7/0724/294348-normal.png,56.1,EUR,,
160250,5053792,"Overaged Malt Whisky","Distilled in Scotland MCo",,closed,,700,52.00,%vol,,,89.21,,,,133.71,EUR,,,"2020-12-19 21:38:48",https://static.whiskybase.com/storage/whiskies/1/6/0250/274250-normal.png,,,,
96625,5053797,"Cask Islay","NAS DR","Small Batch",empty,,700,46.00,%vol,"Oak Casks",,82.80,,,,37.95,EUR,,,"2020-12-19 21:40:08",https://static.whiskybase.com/storage/whiskies/9/6/625/182590-normal.png,38.5,EUR,,
99809,5053808,"Old Ballantruan","The Peated Malt","Speyside Glenlivet",open,,700,50.00,%vol,"Oak Casks",,82.36,,,,36.65,EUR,Tomintoul,,"2020-12-19 21:45:12",https://static.whiskybase.com/storage/whiskies/9/9/809/159870-normal.png,31.79,EUR,,
16516,5053813,Jameson,"Irish Whiskey",,open,,1000,40.00,%vol,"Oak Casks",,73.99,,,,24.79,EUR,"Midleton (1975-)",,"2020-12-19 21:46:06",https://static.whiskybase.com/storage/whiskies/1/6/516/171419-normal.png,32,EUR,,
86249,5053818,"As We Get It","NAS IM","Islay Single Malt",open,,700,61.20,%vol,,,85.27,,,,50.17,EUR,,,"2020-12-19 21:47:21",https://static.whiskybase.com/storage/whiskies/8/6/249/135573-normal.png,48.4,EUR,,
131891,5053821,Smokehead,"Sherry Bomb IM","Limited Edition",open,,700,48.00,%vol,"Spanish Oloroso Sherry",,85.20,,,,69,EUR,,,"2020-12-19 21:48:27",https://static.whiskybase.com/storage/whiskies/1/3/1891/221569-normal.png,49.61,EUR,,
108686,5053826,"El Máximo","No. 10 Wx","Spirit & Cask Range",open,,700,65.50,%vol,"Sherry Cask",,82.50,,,,69,EUR,,08.2012,"2020-12-19 21:50:35",https://static.whiskybase.com/storage/whiskies/1/0/8686/185736-normal.png,46.2,EUR,,
58671,5053830,Ballechin,10-year-old,"The Discovery Series",open,10,700,46.00,%vol,"Ex-Bourbon + Oloroso Sherry",,83.26,,,,48.73,EUR,Edradour,,"2020-12-19 21:52:37",https://static.whiskybase.com/storage/whiskies/5/8/671/91979-normal.png,40.8,EUR,,
66055,5053840,Ledaig,18-year-old,"Limited Release",open,18,700,46.30,%vol,"Small Batch Spanish Sherry Wood Finish",,86.04,,,,249.99,EUR,Tobermory,,"2020-12-19 21:56:48",https://static.whiskybase.com/storage/whiskies/6/6/055/171405-normal.png,138.32,EUR,,
72841,5053842,"The Pogues","The Official Irish Whiskey of the Legendary Band",,open,3,700,40.00,%vol,"Oak Casks",,76.90,,,,29.8,EUR,"West Cork Distillers",,"2020-12-19 21:57:41",https://static.whiskybase.com/storage/whiskies/7/2/841/112742-normal.png,50.58,EUR,,
102607,5053851,Tullibardine,"2004 The Murray","The Marquess Collection",open,,700,46.00,%vol,"Châteauneuf-du-Pape Wine Casks Finish",,84.37,,,,54.9,EUR,Tullibardine,2004,"2020-12-19 21:59:20",https://static.whiskybase.com/storage/whiskies/1/0/2607/157235-normal.png,62.7,EUR,,
36319,5053854,"Old Ballantruan",10-year-old,"The Peated Malt",empty,10,700,50.00,%vol,,,83.34,,,,64.97,EUR,Tomintoul,,"2020-12-19 22:00:05",https://static.whiskybase.com/storage/whiskies/3/6/319/140187-normal.png,32.86,EUR,,
101439,5053857,Glenkinchie,12-year-old,"The Edinburgh Malt",open,12,200,43.00,%vol,,,77.88,,,,15.53,EUR,Glenkinchie,,"2020-12-19 22:00:39",https://static.whiskybase.com/storage/whiskies/1/0/1439/314775-normal.png,25.77,EUR,,
86883,5053861,"Port Charlotte",10-year-old,"Second Limited Edition",open,10,700,50.00,%vol,"Bourbon, Sherry, Tempranillo,French Wine Cask",,86.46,,,,123.17,EUR,Bruichladdich,,"2020-12-19 22:01:44",https://static.whiskybase.com/storage/whiskies/8/6/883/141262-normal.png,61.77,EUR,,
122002,5053865,Octomore,"Edition 08.4 Masterclass / 170 PPM","Virgin Oak",open,8,700,58.70,%vol,"Virgin Oak Casks",,88.43,,,,311.6,EUR,Bruichladdich,2009,"2020-12-19 22:03:49",https://static.whiskybase.com/storage/whiskies/1/2/2002/235784-normal.png,184.91,EUR,,
125825,5053871,Octomore,"Edition 07.1 / 208","Ochdamh-mòr 208 PPM",empty,5,700,59.50,%vol,"American Oak Casks",,87.59,,,,266.15,EUR,Bruichladdich,,"2020-12-19 22:05:37",https://static.whiskybase.com/storage/whiskies/1/2/5825/211871-normal.png,180.08,EUR,,
99307,5053878,Octomore,"Edition 08.3 Masterclass / 309 PPM","Islay Barley",empty,5,700,61.20,%vol,"56% Ex-Bourbon, 44% European Oak",,89.20,,,,996.45,EUR,Bruichladdich,2011,"2020-12-19 22:06:55",https://static.whiskybase.com/storage/whiskies/9/9/307/467210-normal.png,678.75,EUR,,
99307,5053892,Octomore,"Edition 08.3 Masterclass / 309 PPM","Islay Barley",open,5,700,61.20,%vol,"56% Ex-Bourbon, 44% European Oak",,89.20,,,,996.45,EUR,Bruichladdich,2011,"2020-12-19 22:10:57",https://static.whiskybase.com/storage/whiskies/9/9/307/467210-normal.png,678.75,EUR,,
43463,5053903,Octomore,"Edition 06.1 / 167","Scottish Barley",empty,5,700,57.00,%vol,"American Oak Casks",,86.64,,,,242,EUR,Bruichladdich,,"2020-12-19 22:13:19",https://static.whiskybase.com/storage/whiskies/4/3/463/79058-normal.png,140.57,EUR,,
63360,5053909,Octomore,"Edition 07.2 / 208","Ochdamh-mòr 208 PPM",empty,5,700,58.50,%vol,"American Oak + Rhône Syrah Wine Casks",,87.49,,,,409.66,EUR,Bruichladdich,,"2020-12-19 22:14:53",https://static.whiskybase.com/storage/whiskies/6/3/360/104156-normal.png,173.06,EUR,,
125825,5053929,Octomore,"Edition 07.1 / 208","Ochdamh-mòr 208 PPM",empty,5,700,59.50,%vol,"American Oak Casks",,87.59,,,,266.15,EUR,Bruichladdich,,"2020-12-19 22:19:08",https://static.whiskybase.com/storage/whiskies/1/2/5825/211871-normal.png,180.08,EUR,,
182639,5053950,Octomore,"Edition 07.3 / 169","Islay Barley - Lorgba Field, Octomore Farm",closed,5,700,63.00,%vol,"Bourbon Barrels & Ribera del Duero Wine Casks",,89.61,,,,208.51,EUR,Bruichladdich,2010,"2020-12-19 22:25:06",https://static.whiskybase.com/storage/whiskies/1/8/2639/213422-normal.png,210.24,EUR,,
182639,5053954,Octomore,"Edition 07.3 / 169","Islay Barley - Lorgba Field, Octomore Farm",closed,5,700,63.00,%vol,"Bourbon Barrels & Ribera del Duero Wine Casks",,89.61,,,,208.51,EUR,Bruichladdich,2010,"2020-12-19 22:28:06",https://static.whiskybase.com/storage/whiskies/1/8/2639/213422-normal.png,210.24,EUR,,
4112,5053962,Mortlach,"1957 GM","Private Collection",open,50,700,43.50,%vol,"1st Fill Sherry Butts",,92.68,,500.00,EUR,6415.24,EUR,Mortlach,26.01.1957,"2020-12-19 22:30:45",https://static.whiskybase.com/storage/whiskies/4/1/12/175463-normal.png,2899.6,EUR,,
11172,5053976,Bowmore,Tempest,"Small Batch Release No. 1",open,10,700,55.30,%vol,"First Fill Bourbon",,86.54,,,,207,EUR,Bowmore,,"2020-12-19 22:36:11",https://static.whiskybase.com/storage/whiskies/1/1/172/339662-normal.png,105.84,EUR,,
168173,5053983,Glenmorangie,10-year-old,"The Original - Giraffe",open,10,700,40.00,%vol,"1st & 2nd Fill American White Oak ex-Bourbon",,81.54,,,,43.34,EUR,Glenmorangie,,"2020-12-19 22:38:48",https://static.whiskybase.com/storage/whiskies/1/6/8173/286892-normal.png,32.79,EUR,,
112753,5053986,Tormore,"13-year-old GM",Discovery,open,13,700,43.00,%vol,Bourbon,,83.60,,,,59.5,EUR,Tormore,,"2020-12-19 22:39:44",https://static.whiskybase.com/storage/whiskies/1/1/2753/251086-normal.png,52.67,EUR,,
105501,5053990,Bowmore,15-year-old,Darkest,open,15,700,43.00,%vol,"Bourbon + Oloroso Sherry Finish",,85.21,,,,47.99,EUR,Bowmore,,"2020-12-19 22:41:29",https://static.whiskybase.com/storage/whiskies/1/0/5501/175217-normal.png,84.24,EUR,,
80446,5053995,BenRiach,12-year-old,,empty,12,700,43.00,%vol,,,74.50,,,,79,EUR,BenRiach,,"2020-12-19 22:42:27",https://static.whiskybase.com/storage/whiskies/8/0/446/124031-normal.png,,,,
155998,5054010,Bunnahabhain,"08-year-old GM","The MacPhail's Collection",open,8,700,43.00,%vol,,,83.00,,,,100,USD,Bunnahabhain,,"2020-12-19 22:46:32",https://static.whiskybase.com/storage/whiskies/1/5/5998/261101-normal.png,44.95,EUR,,
163748,5054013,Edradour,12-year-old,"Caledonia Selection",open,12,750,46.00,%vol,"Oloroso Sherry Cask Finish",,84.83,,,,85.5,USD,Edradour,,"2020-12-19 22:47:32",https://static.whiskybase.com/storage/whiskies/1/6/3748/277573-normal.png,57.43,EUR,,
20648,5054016,Bowmore,"1989 MM","Mission Gold",empty,21,700,54.50,%vol,Sherry,,88.50,,,,83,EUR,Bowmore,1989,"2020-12-19 22:49:03",https://static.whiskybase.com/storage/whiskies/2/0/648/68873-normal.png,,,,
70596,5054024,Laphroaig,21-year-old,"Friends of Laphroaig",open,21,350,48.40,%vol,"1st Fill Ex-Bourbon Barrels",,90.05,,,,295.76,EUR,Laphroaig,1993,"2020-12-19 22:50:04",https://static.whiskybase.com/storage/whiskies/7/0/596/424698-normal.png,161.32,EUR,,
34698,5054028,Auchroisk,"1998 C&S","Dram Collection",open,13,700,57.30,%vol,Hogshead,,84.31,,,,57,EUR,Auchroisk,21.10.1998,"2020-12-19 22:51:45",https://static.whiskybase.com/storage/whiskies/3/4/698/75026-normal.png,33.35,EUR,,
77828,5054033,Bruichladdich,"The Classic Laddie","Scottish Barley",open,,700,50.00,%vol,"American & French oak",,82.75,,,,54.78,EUR,Bruichladdich,,"2020-12-19 22:54:35",https://static.whiskybase.com/storage/whiskies/7/7/828/122260-normal.png,43.43,EUR,,
84875,5054053,Ardbeg,"2001 IM","Dun Bheagan",open,15,700,47.00,%vol,Barrels,,87.79,,,,286.05,EUR,Ardbeg,05.2001,"2020-12-19 23:01:51",https://static.whiskybase.com/storage/whiskies/8/4/875/135075-normal.png,169.7,EUR,,
31650,5054057,anCnoc,1998,,open,,700,46.00,%vol,,,83.50,,,,80.95,EUR,Knockdhu,1998,"2020-12-19 23:02:58",https://static.whiskybase.com/storage/whiskies/3/1/650/73667-normal.png,48.95,EUR,,
75571,5054072,Ardbeg,Corryvreckan,,open,,700,57.10,%vol,"Ex-Bourbon & French Oak",,86.67,,,,62.79,EUR,Ardbeg,,"2020-12-19 23:05:21",https://static.whiskybase.com/storage/whiskies/7/5/571/401540-normal.png,82.69,EUR,,
70079,5054075,Benromach,2006,"Peat Smoke",open,,700,46.00,%vol,"1st Fill Bourbon Barrels",,82.48,,,,59.48,EUR,Benromach,2006,"2020-12-19 23:06:13",https://static.whiskybase.com/storage/whiskies/7/0/079/116670-normal.png,52.42,EUR,,
100042,5054080,"The Deveron",12-year-old,,open,12,700,40.00,%vol,,,77.67,,,,36.87,EUR,Macduff,,"2020-12-19 23:07:33",https://static.whiskybase.com/storage/whiskies/1/0/0042/158771-normal.png,39.5,EUR,,
64426,5054085,Ardbeg,Corryvreckan,,open,,700,57.10,%vol,"Ex-Bourbon & French Oak",,88.80,,,,69,EUR,Ardbeg,,"2020-12-19 23:09:00",https://static.whiskybase.com/storage/whiskies/6/4/426/401569-normal.png,82.69,EUR,,
76483,5054094,Amrut,Fusion,,open,,700,50.00,%vol,"Oak Barrels",,86.00,,,,41.9,EUR,Amrut,,"2020-12-19 23:11:31",https://static.whiskybase.com/storage/whiskies/7/6/483/157592-normal.png,45.27,EUR,,
107228,5054104,Ardbeg,Ten,,open,10,700,46.00,%vol,"Bourbon Barrel",,84.65,,,,49.99,EUR,Ardbeg,,"2020-12-19 23:13:36",https://static.whiskybase.com/storage/whiskies/1/0/7228/226386-normal.png,45.67,EUR,,
64330,5054110,Bruichladdich,17-year-old,"Rum Cask Edition",open,17,700,46.00,%vol,"American Oak / Renegade Rum Finish",,84.12,,,,412.05,EUR,Bruichladdich,,"2020-12-19 23:16:30",https://static.whiskybase.com/storage/whiskies/6/4/330/158165-normal.png,115.9,EUR,,
44322,5054116,Auchroisk,"1997 MMcK","Càrn Mòr - Strictly Limited Edition",open,15,700,46.00,%vol,"Sherry Casks",,82.31,,,,78.95,EUR,Auchroisk,1997,"2020-12-19 23:18:13",https://static.whiskybase.com/storage/whiskies/4/4/322/79527-normal.png,44,EUR,,
51487,5054129,Hazelburn,08-year-old,,open,8,700,46.00,%vol,,,82.37,,,,197.53,EUR,Springbank,,"2020-12-19 23:20:42",https://static.whiskybase.com/storage/whiskies/5/1/487/81873-normal.png,77.25,EUR,,
163346,5054134,Arran,"Amarone Cask Finish",,empty,,700,50.00,%vol,"Amarone Cask Finish",,83.93,,,,58,EUR,Arran,,"2020-12-19 23:22:02",https://static.whiskybase.com/storage/whiskies/1/6/3346/276318-normal.png,71.21,EUR,,
80425,5054139,Bowmore,12-year-old,,open,12,700,40.00,%vol,,,81.71,,,,51.64,EUR,Bowmore,,"2020-12-19 23:23:20",https://static.whiskybase.com/storage/whiskies/8/0/425/124782-normal.png,33.93,EUR,,
42771,5054155,"Blair Athol","1999 McG","McGibbon's Provenance",open,12,700,46.00,%vol,"Refill Sherry Butt",,84.75,,,,58.72,EUR,"Blair Athol","Winter 1999","2020-12-19 23:26:01",https://static.whiskybase.com/storage/whiskies/4/2/771/78755-normal.png,38.29,EUR,,
96535,5054160,BenRiach,12-year-old,"Matured in Sherry Wood",open,12,700,46.00,%vol,"Oloroso & Pedro Ximénez Sherry Casks",,86.00,,,,99,EUR,BenRiach,,"2020-12-19 23:27:28",https://static.whiskybase.com/storage/whiskies/9/6/535/166236-normal.png,69.28,EUR,,
17727,5054185,Bushmills,12-year-old,"Distillery Reserve",open,12,700,40.00,%vol,"Mainly Old Spanish Oloroso Sherry Casks",,82.76,,,,80,EUR,Bushmills,,"2020-12-19 23:31:39",https://static.whiskybase.com/storage/whiskies/1/7/727/84021-normal.png,45.23,EUR,,
165266,5054195,Tomatin,2008,"Limited Edition",open,11,700,46.00,%vol,"Marsala Wine",,82.43,,,,61.78,EUR,Tomatin,19.09.2008,"2020-12-19 23:32:44",https://static.whiskybase.com/storage/whiskies/1/6/5266/320411-normal.png,77,EUR,,
146557,5054211,Kavalan,Selection,"Sherry Cask",closed,,700,58.60,%vol,"1st Fill Puncheon",,88.88,,,,299.9,EUR,Kavalan,17.12.2008,"2020-12-19 23:36:16",https://static.whiskybase.com/storage/whiskies/1/4/6557/248413-normal.png,224.95,EUR,,
146557,5054212,Kavalan,Selection,"Sherry Cask",closed,,700,58.60,%vol,"1st Fill Puncheon",,88.88,,,,299.9,EUR,Kavalan,17.12.2008,"2020-12-19 23:36:28",https://static.whiskybase.com/storage/whiskies/1/4/6557/248413-normal.png,224.95,EUR,,
19816,5054222,"Highland Park","1987 SV","Vintage Collection",open,22,700,43.00,%vol,Hogshead,,83.67,,,,90,EUR,"Highland Park",30.06.1987,"2020-12-19 23:39:24",https://static.whiskybase.com/storage/whiskies/1/9/816/169056-normal.png,95,EUR,,
53246,5054225,"Isle of Jura",Prophecy,"Heavily Peated",open,,700,46.00,%vol,"Bourbon & Sherry, Limousin Oak",,81.52,,,,82,EUR,"Isle of Jura",,"2020-12-19 23:40:54",https://static.whiskybase.com/storage/whiskies/5/3/246/223109-normal.png,58.52,EUR,,
145775,5054233,Springbank,10-year-old,,open,10,700,46.00,%vol,,,84.22,,,,49,EUR,Springbank,,"2020-12-19 23:42:43",https://static.whiskybase.com/storage/whiskies/1/4/5775/246588-normal.png,100.34,EUR,,
150235,5054239,Talisker,Skye,"Made by the Sea",open,,700,45.80,%vol,,,76.67,,,,29.9,EUR,Talisker,,"2020-12-19 23:44:37",https://static.whiskybase.com/storage/whiskies/1/5/0235/254393-normal.png,32.04,EUR,,
26758,5054241,Longrow,1997,"Burgundy Wood - Wood Expressions",open,14,700,56.10,%vol,"Bourbon & Burgundy Casks",,87.51,,,,500,EUR,Springbank,02.1997,"2020-12-19 23:46:00",https://static.whiskybase.com/storage/whiskies/2/6/758/71813-normal.png,294.92,EUR,,
64560,5054248,"Highland Park","1999 SV","The Un-Chillfiltered Collection",closed,15,700,46.00,%vol,"Bourbon Barrel",,86.33,,,,69.9,EUR,"Highland Park",15.10.1999,"2020-12-19 23:48:22",https://static.whiskybase.com/storage/whiskies/6/4/560/102205-normal.png,70.95,EUR,,
144143,5054254,"Port Askaig","100° Proof SMS",,open,,700,57.10,%vol,,,85.40,,,,66.85,EUR,"Caol Ila",,"2020-12-19 23:49:57",https://static.whiskybase.com/storage/whiskies/1/4/4143/222078-normal.png,56.09,EUR,,
9898,5054257,"Highland Park","1992 CA","Authentic Collection",open,17,700,64.00,%vol,"Sherry Butt",,85.00,,,,279.95,EUR,"Highland Park",1992,"2020-12-19 23:51:15",https://static.whiskybase.com/storage/whiskies/9/8/98/247627-normal.png,180.41,EUR,,
10377,5054260,"Royal Brackla","1992 CA","Authentic Collection",open,16,700,54.70,%vol,"Bourbon Hogshead",,89.00,,,,171.11,EUR,"Royal Brackla",1992,"2020-12-19 23:52:21",https://static.whiskybase.com/storage/whiskies/1/0/377/62973-normal.png,103.45,EUR,,
112199,5054262,Talisker,10-year-old,"Made by the Sea",open,10,700,45.80,%vol,,,83.20,,,,60,EUR,Talisker,,"2020-12-19 23:53:28",https://static.whiskybase.com/storage/whiskies/1/1/2199/238831-normal.png,35.47,EUR,,
9718,5054264,"Royal Brackla","1994 MM",,open,14,700,46.00,%vol,"Bourbon / Jurancon Clos Uroulat",,85.43,,,,49,EUR,"Royal Brackla",1994,"2020-12-19 23:54:19",https://static.whiskybase.com/storage/whiskies/9/7/18/111571-normal.png,65.31,EUR,,
162601,5054267,Aberlour,12-year-old,"Non Chill-Filtered",open,12,700,48.00,%vol,,,83.83,,,,,,Aberlour,,"2020-12-19 23:55:31",https://static.whiskybase.com/storage/whiskies/1/6/2601/274914-normal.png,33,EUR,,
106251,5054272,Ardbeg,"An Oa",,open,,700,46.60,%vol,"Charred New Oak, PX Sherry & 1st Fill Bourbon",,85.42,,,,54.99,EUR,Ardbeg,,"2020-12-19 23:56:47",https://static.whiskybase.com/storage/whiskies/1/0/6251/176768-normal.png,47.23,EUR,,
51888,5054274,Auchentoshan,"Three Wood",,empty,,700,43.00,%vol,"Bourbon, Oloroso & Pedro Ximénez Sherry Casks",,82.15,,,,49.9,EUR,Auchentoshan,,"2020-12-19 23:57:58",https://static.whiskybase.com/storage/whiskies/5/1/888/196251-normal.png,43.05,EUR,,
11395,5054285,"Highland Region","NAS CA",Duthies,open,,700,46.00,%vol,,,83.00,,,,39.24,EUR,,,"2020-12-20 00:02:29",https://static.whiskybase.com/storage/whiskies/1/1/395/130301-normal.png,24.2,EUR,,
134038,5054291,Tomatin,"Cù Bòcan",,open,,700,46.00,%vol,,,82.07,,,,44.71,EUR,Tomatin,,"2020-12-20 00:03:49",https://static.whiskybase.com/storage/whiskies/1/3/4038/225683-normal.png,29.42,EUR,,
54151,5054299,Edradour,2002,"Straight From The Cask - Marsala Cask Finish",open,11,500,58.80,%vol,"Hogsheads + Marsala Casks Finish",,81.50,,,,64.9,EUR,Edradour,28.05.2002,"2020-12-20 00:08:04",https://static.whiskybase.com/storage/whiskies/5/4/151/85942-normal.png,,,,
29891,5054303,Edradour,1999,"Straight From The Cask",open,10,500,58.40,%vol,"Sherry Butt",,84.00,,,,,,Edradour,30.03.1999,"2020-12-20 00:09:28",https://static.whiskybase.com/storage/whiskies/2/9/891/110993-normal.png,66.53,EUR,,
4310,5054306,Edradour,"1997 SV","The Un-Chillfiltered Collection",open,10,700,46.00,%vol,,,85.00,,,,75,EUR,Edradour,02.09.1997,"2020-12-20 00:11:22",https://static.whiskybase.com/storage/whiskies/4/3/10/58730-normal.png,75,EUR,,
91432,5054308,Glenturret,"Triple Wood Edition",,open,,700,43.00,%vol,"Bourbon, American & European Oak Sherry Casks",,80.54,,,,51.98,EUR,Glenturret,,"2020-12-20 00:12:07",https://static.whiskybase.com/storage/whiskies/9/1/432/193444-normal.png,38.44,EUR,,
72213,5054312,"Machrie Moor","Cask Strength - Second Edition","The Peated Arran Malt",open,,700,58.20,%vol,"ex-American Bourbon",,84.96,,,,80,EUR,Arran,,"2020-12-20 00:13:11",https://static.whiskybase.com/storage/whiskies/7/2/213/112792-normal.png,55.54,EUR,,
86120,5054315,Ardbeg,Corryvreckan,,open,,700,57.10,%vol,"Ex-Bourbon & French Oak",,85.61,,,,62.5,EUR,Ardbeg,,"2020-12-20 00:14:29",https://static.whiskybase.com/storage/whiskies/8/6/120/401550-normal.png,82.69,EUR,,
30404,5054317,Glenlivet,"1996 SV","The Un-Chillfiltered Collection",open,15,700,46.00,%vol,"1st Fill Sherry Butts",,87.14,,,,70,EUR,Glenlivet,23.04.1996,"2020-12-20 00:16:22",https://static.whiskybase.com/storage/whiskies/3/0/404/100077-normal.png,110,EUR,,
93240,5054321,Glenrothes,"1997 SV","The Un-Chillfiltered Collection",open,19,700,46.00,%vol,"Refill Sherry Butt",,84.00,,,,58.95,EUR,Glenrothes,02.06.1997,"2020-12-20 00:17:41",https://static.whiskybase.com/storage/whiskies/9/3/240/272870-normal.png,81.4,EUR,,
91149,5054329,"Blair Athol",12-year-old,"Flora & Fauna",open,12,700,43.00,%vol,,,84.29,,,,64.95,EUR,"Blair Athol",,"2020-12-20 00:19:05",https://static.whiskybase.com/storage/whiskies/9/1/149/147249-normal.png,49.5,EUR,,
88722,5054331,Ledaig,"2009 SV","The Un-Chillfiltered Collection",open,7,700,46.00,%vol,Hogshead,,80.67,,,,35.7,EUR,Tobermory,06.04.2009,"2020-12-20 00:20:21",https://static.whiskybase.com/storage/whiskies/8/8/722/140236-normal.png,45.1,EUR,,
73612,5054332,Ledaig,"2008 SV","The Un-Chillfiltered Collection",open,7,700,46.00,%vol,Hogsheads,,84.83,,,,35.93,EUR,Tobermory,26.03.2008,"2020-12-20 00:21:33",https://static.whiskybase.com/storage/whiskies/7/3/612/214463-normal.png,42.9,EUR,,
128574,5054333,Smokehead,IM,,open,,700,43.00,%vol,,,81.88,,,,48.8,EUR,,,"2020-12-20 00:22:31",https://static.whiskybase.com/storage/whiskies/1/2/8574/215779-normal.png,39.69,EUR,,
18383,5054336,Glengoyne,1997,"Vintage for The Whisky Club",open,,700,43.00,%vol,"First Fill Sherry & Refill Oak Casks",,82.48,,,,150,EUR,Glengoyne,1997,"2020-12-20 00:23:45",https://static.whiskybase.com/storage/whiskies/1/8/383/67577-normal.png,85.8,EUR,,
4419,5054340,Laphroaig,"1998 WF","Artist Edition",open,8,700,48.50,%vol,,,86.52,,,,70,EUR,Laphroaig,04.1998,"2020-12-20 00:27:15",https://static.whiskybase.com/storage/whiskies/4/4/19/58832-normal.png,63.73,EUR,,
157668,5055950,Arran,10-year-old,,closed,10,50,46.00,%vol,,,79.68,,,,5.9,EUR,Arran,,"2020-12-20 15:42:57",https://static.whiskybase.com/storage/whiskies/1/5/7668/264450-normal.png,,,,
50509,5055954,Glendronach,12-year-old,"Original - Highland Single Malt Scotch Whisky",open,12,50,43.00,%vol,"Pedro Ximénez & Oloroso Sherry",,84.07,,,,7.9,EUR,Glendronach,,"2020-12-20 15:43:26",https://static.whiskybase.com/storage/whiskies/5/0/509/368627-normal.png,,,,
168140,5055985,"Old St. Andrews",10-year-old,Twilight,open,10,700,40.00,%vol,,,77.50,,,,40.5,EUR,,,"2020-12-20 15:48:43",https://static.whiskybase.com/storage/whiskies/1/6/8140/320023-normal.png,35.98,EUR,,
31870,5055992,"Peat's Beast","Intensely Peated FF",,empty,,700,46.00,%vol,"Bourbon Casks",,79.44,,,,34.93,EUR,,,"2020-12-20 15:49:40",https://static.whiskybase.com/storage/whiskies/3/1/870/95347-normal.png,23.1,EUR,,
106913,5055996,"Smokey Joe","Islay Malt Scotch Whisky",,empty,,700,46.00,%vol,,,80.49,,,,33.02,EUR,,,"2020-12-20 15:50:43",https://static.whiskybase.com/storage/whiskies/1/0/6913/173602-normal.png,21.85,EUR,,
103398,5056005,"Tullamore Dew","Ceramic Jug","The Legendary Irish Whiskey",closed,,700,40.00,%vol,,,79.33,,,,45,EUR,"Midleton (1975-)",,"2020-12-20 15:52:00",https://static.whiskybase.com/storage/whiskies/1/0/3398/165851-normal.png,46.2,EUR,,
71661,5056016,"Big Peat","Christmas Edition DL","Small Batch",empty,,700,53.80,%vol,,,83.61,,,,119.35,EUR,"Caol Ila, Bowmore, Ardbeg, Port Ellen",,"2020-12-20 15:53:28",https://static.whiskybase.com/storage/whiskies/7/1/661/116852-normal.png,49.7,EUR,,
58512,5056025,"The Wild Geese","Rare Irish Whiskey - Untamed",,open,,700,43.00,%vol,,,80.23,,,,44.99,EUR,Cooley,,"2020-12-20 15:54:39",https://static.whiskybase.com/storage/whiskies/5/8/512/108090-normal.png,60.5,EUR,,
127401,5056035,Connemara,"Peated Single Malt",,open,,700,40.00,%vol,,,79.83,,,,64.48,EUR,Cooley,,"2020-12-20 15:56:24",https://static.whiskybase.com/storage/whiskies/1/2/7401/214318-normal.png,32.85,EUR,,
50545,5056045,Blackstone,12-year-old,,closed,12,700,40.00,%vol,"Oak Casks",,0.00,,,,19.99,EUR,,,"2020-12-20 15:58:17",https://static.whiskybase.com/storage/whiskies/5/0/545/87895-normal.png,13.98,EUR,,
14157,5056051,Blackstone,18-year-old,,open,18,700,40.00,%vol,"Oak Casks",,77.45,,,,20,EUR,,,"2020-12-20 15:59:06",https://static.whiskybase.com/storage/whiskies/1/4/157/65132-normal.png,27.5,EUR,,
66443,5056054,"The Famous Grouse","The Naked Grouse","Blended Scotch Whisky",open,,700,40.00,%vol,"Sherry Casks",,78.87,,,,31.96,EUR,,,"2020-12-20 16:00:16",https://static.whiskybase.com/storage/whiskies/6/6/443/103763-normal.png,,,,
33734,5056062,Talisker,10-year-old,"The Only Single Malt Scotch Whisky From the Isle of Skye",closed,10,200,45.80,%vol,,,84.72,,,,21.26,EUR,Talisker,,"2020-12-20 16:02:31",https://static.whiskybase.com/storage/whiskies/3/3/734/359619-normal.png,32.36,EUR,,
192366,5056068,Cragganmore,12-year-old,"Speyside Single Malt Scotch Whisky",open,12,200,40.00,%vol,,,79.81,,,,16.9,EUR,Cragganmore,,"2020-12-20 16:03:12",https://static.whiskybase.com/storage/whiskies/1/9/2366/337027-normal.png,25.49,EUR,,
52446,5056071,Clynelish,14-year-old,"Coastal Highland Single Malt",closed,14,200,46.00,%vol,,,84.51,,,,19.9,EUR,Clynelish,,"2020-12-20 16:03:46",https://static.whiskybase.com/storage/whiskies/5/2/446/171882-normal.png,30.7,EUR,,
152597,5056080,Edradour,10-year-old,"The Distillery Edition",closed,10,200,40.00,%vol,,,85.15,,,,17.9,EUR,Edradour,,"2020-12-20 16:05:17",https://static.whiskybase.com/storage/whiskies/1/5/2597/257072-normal.png,24.57,EUR,,
154900,5056086,Nikka,"Whisky from the Barrel",,open,,500,51.40,%vol,,,80.64,,,,42.45,EUR,,,"2020-12-20 16:06:40",https://static.whiskybase.com/storage/whiskies/1/5/4900/259642-normal.png,44.39,EUR,,
51884,5056094,Edradour,10-year-old,"The Distillery Edition",closed,10,50,40.00,%vol,,,79.18,,,,6.93,EUR,Edradour,,"2020-12-20 16:07:33",https://static.whiskybase.com/storage/whiskies/5/1/884/82342-normal.png,,,,
105811,5056105,Laphroaig,10-year-old,,open,10,50,40.00,%vol,,,82.31,,,,8.65,EUR,Laphroaig,,"2020-12-20 16:08:40",https://static.whiskybase.com/storage/whiskies/1/0/5811/170861-normal.png,,,,
52346,5056116,Kilchoman,2006,"New Spirit",open,,50,63.50,%vol,"Bourbon / Sherry",,83.44,,,,,,Kilchoman,06.12.2006,"2020-12-20 16:09:53",https://static.whiskybase.com/storage/whiskies/5/2/346/84259-normal.png,27,EUR,,
66743,5056128,Bowmore,"Small Batch",,open,,50,40.00,%vol,"Bourbon Cask Matured",,79.25,,,,11.59,EUR,Bowmore,,"2020-12-20 16:11:08",https://static.whiskybase.com/storage/whiskies/6/6/743/103945-normal.png,,,,
53117,5056136,Bowmore,12-year-old,,closed,12,50,40.00,%vol,,,80.37,,,,6.9,EUR,Bowmore,,"2020-12-20 16:12:25",https://static.whiskybase.com/storage/whiskies/5/3/117/84679-normal.png,,,,
53117,5056149,Bowmore,12-year-old,,closed,12,50,40.00,%vol,,,80.37,,,,6.9,EUR,Bowmore,,"2020-12-20 16:13:15",https://static.whiskybase.com/storage/whiskies/5/3/117/84679-normal.png,,,,
57629,5056157,Bowmore,15-year-old,"Darkest ",closed,15,50,43.00,%vol,"Sherry Cask Finish",,82.20,,,,11.44,EUR,Bowmore,,"2020-12-20 16:14:47",https://static.whiskybase.com/storage/whiskies/5/7/629/91029-normal.png,19.19,EUR,,
57630,5056159,Bowmore,18-year-old,,closed,18,50,43.00,%vol,,,84.57,,,,9.73,EUR,Bowmore,,"2020-12-20 16:15:19",https://static.whiskybase.com/storage/whiskies/5/7/630/91016-normal.png,19.2,EUR,,
50624,5056165,"Johnnie Walker","Double Black","Blended Scotch Whisky",open,,700,40.00,%vol,,,78.49,,,,34.5,EUR,,,"2020-12-20 16:16:11",https://static.whiskybase.com/storage/whiskies/5/0/624/170246-normal.png,29.33,EUR,,
63015,5056187,Aberlour,10-year-old,"Highland Single Malt - Miniature",closed,10,50,40.00,%vol,"Bourbon & Sherry Casks",,77.48,,,,3.94,EUR,Aberlour,,"2020-12-20 16:18:18",https://static.whiskybase.com/storage/whiskies/6/3/015/98133-normal.png,,,,
119609,5056189,BenRiach,12-year-old,"Matured in Sherry Wood",closed,12,50,46.00,%vol,,,83.00,,,,7.9,EUR,BenRiach,,"2020-12-20 16:18:56",https://static.whiskybase.com/storage/whiskies/1/1/9609/199405-normal.png,,,,
52446,5056192,Clynelish,14-year-old,"Coastal Highland Single Malt",open,14,200,46.00,%vol,,,84.51,,,,19.9,EUR,Clynelish,,"2020-12-20 16:19:35",https://static.whiskybase.com/storage/whiskies/5/2/446/171882-normal.png,30.7,EUR,,
66744,5056197,Bowmore,"Black Rock",,closed,,50,40.00,%vol,,,80.00,,,,20.29,EUR,Bowmore,,"2020-12-20 16:20:25",https://static.whiskybase.com/storage/whiskies/6/6/744/103946-normal.png,,,,
51148,5056213,Ardbeg,Ten,,closed,10,50,46.00,%vol,"Bourbon Barrel",,85.55,,,,7.43,EUR,Ardbeg,,"2020-12-20 16:22:55",https://static.whiskybase.com/storage/whiskies/5/1/148/172086-normal.png,5.44,EUR,,
51482,5056233,BenRiach,12-year-old,,closed,12,50,43.00,%vol,,,79.17,,,,4.35,EUR,BenRiach,,"2020-12-20 16:24:40",https://static.whiskybase.com/storage/whiskies/5/1/482/82285-normal.png,,,,
122704,5056245,BenRiach,16-year-old,Miniature,closed,16,50,43.00,%vol,,,83.00,,,,7.9,EUR,BenRiach,,"2020-12-20 16:25:13",https://static.whiskybase.com/storage/whiskies/1/2/2704/205469-normal.png,,,,
52806,5056252,BenRiach,10-year-old,"Curiositas - Peated Malt",closed,10,50,46.00,%vol,,,81.29,,,,5.99,EUR,BenRiach,,"2020-12-20 16:25:54",https://static.whiskybase.com/storage/whiskies/5/2/806/84071-normal.png,6,EUR,,
51485,5056259,BenRiach,21-year-old,Authenticus,closed,21,50,46.00,%vol,,,85.57,,,,8.9,EUR,BenRiach,,"2020-12-20 16:26:55",https://static.whiskybase.com/storage/whiskies/5/1/485/198714-normal.png,10,EUR,,
33734,5056271,Talisker,10-year-old,"The Only Single Malt Scotch Whisky From the Isle of Skye",open,10,200,45.80,%vol,,,84.72,,,,21.26,EUR,Talisker,,"2020-12-20 16:27:59",https://static.whiskybase.com/storage/whiskies/3/3/734/359619-normal.png,32.36,EUR,,
42026,5056287,Talisker,2000,"The Distillers Edition",open,,200,45.80,%vol,"Double Matured in Amoroso Sherry Wood",,87.59,,,,19.9,EUR,Talisker,2000,"2020-12-20 16:30:12",https://static.whiskybase.com/storage/whiskies/4/2/026/243459-normal.png,,,,
34460,5056293,Talisker,18-year-old,"The Only Single Malt Scotch Whisky From the Isle of Skye",open,18,200,45.80,%vol,,,89.14,,,,36,EUR,Talisker,,"2020-12-20 16:31:03",https://static.whiskybase.com/storage/whiskies/3/4/460/149800-normal.png,99.27,EUR,,
52446,5056306,Clynelish,14-year-old,"Coastal Highland Single Malt",open,14,200,46.00,%vol,,,84.51,,,,19.9,EUR,Clynelish,,"2020-12-20 16:33:39",https://static.whiskybase.com/storage/whiskies/5/2/446/171882-normal.png,30.7,EUR,,
141765,5056313,"Johnnie Walker","Green Label","The Art of Pure Malt",open,15,200,43.00,%vol,,,85.25,,,,39.95,EUR,"Caol Ila, Talisker, Cragganmore, Linkwood",,"2020-12-20 16:34:31",https://static.whiskybase.com/storage/whiskies/1/4/1765/237895-normal.png,32.7,EUR,,
52446,5056316,Clynelish,14-year-old,"Coastal Highland Single Malt",open,14,200,46.00,%vol,,,84.51,,,,19.9,EUR,Clynelish,,"2020-12-20 16:35:39",https://static.whiskybase.com/storage/whiskies/5/2/446/171882-normal.png,30.7,EUR,,
33770,5056318,"Caol Ila",12-year-old,"Islay Single Malt Whisky",open,12,200,43.00,%vol,,,83.89,,,,21.86,EUR,"Caol Ila",,"2020-12-20 16:36:30",https://static.whiskybase.com/storage/whiskies/3/3/770/231557-normal.png,30.29,EUR,,
33786,5056322,Dalwhinnie,15-year-old,"The Gentle Spirit",closed,15,200,43.00,%vol,,,81.45,,,,18.7,EUR,Dalwhinnie,,"2020-12-20 16:38:42",https://static.whiskybase.com/storage/whiskies/3/3/786/231558-normal.png,26.66,EUR,,
160250,5056338,"Overaged Malt Whisky","Distilled in Scotland MCo",,open,,700,52.00,%vol,,,89.21,,,,133.71,EUR,,,"2020-12-20 16:42:20",https://static.whiskybase.com/storage/whiskies/1/6/0250/274250-normal.png,,,,
63456,5056351,Kavalan,"Single Malt Whisky",,closed,,50,40.00,%vol,"Bourbon Casks",,79.26,,,,6.3,EUR,Kavalan,,"2020-12-20 16:44:35",https://static.whiskybase.com/storage/whiskies/6/3/456/171411-normal.png,,,,
152569,5056354,Kavalan,Concertmaster,,closed,,50,40.00,%vol,"Port Cask Finish",,79.50,,,,8.88,EUR,Kavalan,,"2020-12-20 16:45:13",https://static.whiskybase.com/storage/whiskies/1/5/2569/257084-normal.png,,,,
94620,5056358,Kavalan,Solist,"ex-Bourbon - Miniature",closed,,48,57.00,%vol,"Bourbon Cask",,88.67,,,,15,EUR,Kavalan,,"2020-12-20 16:46:11",https://static.whiskybase.com/storage/whiskies/9/4/620/151755-normal.png,,,,
94621,5056364,Kavalan,Solist,"Sherry Cask - Miniature",closed,,48,57.00,%vol,"Sherry Cask",,84.67,,,,15,EUR,Kavalan,,"2020-12-20 16:47:00",https://static.whiskybase.com/storage/whiskies/9/4/621/151752-normal.png,,,,
94622,5056365,Kavalan,Solist,"Vinho Barrique - Miniature",closed,,48,57.00,%vol,"Vinho Barrique",,89.67,,,,15,EUR,Kavalan,,"2020-12-20 16:47:39",https://static.whiskybase.com/storage/whiskies/9/4/622/151749-normal.png,,,,
69863,5056379,Kavalan,Podium,,open,,50,46.00,%vol,"New American Oak & Refill Casks",,81.38,,,,9.88,EUR,Kavalan,,"2020-12-20 16:51:03",https://static.whiskybase.com/storage/whiskies/6/9/863/108618-normal.png,,,,
51148,5056386,Ardbeg,Ten,,closed,10,50,46.00,%vol,"Bourbon Barrel",,85.55,,,,7.43,EUR,Ardbeg,,"2020-12-20 16:51:53",https://static.whiskybase.com/storage/whiskies/5/1/148/172086-normal.png,5.44,EUR,,
53093,5056394,Bunnahabhain,12-year-old,XII,closed,12,50,46.30,%vol,"Bourbon & Sherry",,84.69,,,,5.9,EUR,Bunnahabhain,,"2020-12-20 16:52:35",https://static.whiskybase.com/storage/whiskies/5/3/093/171992-normal.png,,,,
53093,5056395,Bunnahabhain,12-year-old,XII,closed,12,50,46.30,%vol,"Bourbon & Sherry",,84.69,,,,5.9,EUR,Bunnahabhain,,"2020-12-20 16:52:39",https://static.whiskybase.com/storage/whiskies/5/3/093/171992-normal.png,,,,
51884,5056402,Edradour,10-year-old,"The Distillery Edition",closed,10,50,40.00,%vol,,,79.18,,,,6.93,EUR,Edradour,,"2020-12-20 16:53:50",https://static.whiskybase.com/storage/whiskies/5/1/884/82342-normal.png,,,,
158382,5056404,Tullibardine,15-year-old,,closed,15,50,43.00,%vol,"Bourbon Casks",,82.90,,,,9.9,EUR,Tullibardine,,"2020-12-20 16:54:19",https://static.whiskybase.com/storage/whiskies/1/5/8382/269548-normal.png,,,,
113443,5056410,Tullibardine,228,"Burgundy Finish",open,,50,46.00,%vol,"Burgundy Finish",,80.45,,,,5.9,EUR,Tullibardine,,"2020-12-20 16:54:59",https://static.whiskybase.com/storage/whiskies/1/1/3443/200698-normal.png,,,,
67584,5056412,"Glen Grant",16-year-old,,closed,16,50,43.00,%vol,,,81.70,,,,8.1,EUR,"Glen Grant",,"2020-12-20 16:55:33",https://static.whiskybase.com/storage/whiskies/6/7/584/105023-normal.png,,,,
67584,5056413,"Glen Grant",16-year-old,,open,16,50,43.00,%vol,,,81.70,,,,8.1,EUR,"Glen Grant",,"2020-12-20 16:55:43",https://static.whiskybase.com/storage/whiskies/6/7/584/105023-normal.png,,,,
52995,5056416,"Highland Park",12-year-old,,closed,12,50,40.00,%vol,,,81.38,,,,11.34,EUR,"Highland Park",,"2020-12-20 16:56:52",https://static.whiskybase.com/storage/whiskies/5/2/995/84680-normal.png,,,,
51386,5056421,Ledaig,10-year-old,,closed,10,50,46.30,%vol,,,82.50,,,,5.88,EUR,Tobermory,,"2020-12-20 16:57:39",https://static.whiskybase.com/storage/whiskies/5/1/386/81707-normal.png,,,,
51386,5056422,Ledaig,10-year-old,,closed,10,50,46.30,%vol,,,82.50,,,,5.88,EUR,Tobermory,,"2020-12-20 16:57:43",https://static.whiskybase.com/storage/whiskies/5/1/386/81707-normal.png,,,,
51386,5056424,Ledaig,10-year-old,,closed,10,50,46.30,%vol,,,82.50,,,,5.88,EUR,Tobermory,,"2020-12-20 16:57:47",https://static.whiskybase.com/storage/whiskies/5/1/386/81707-normal.png,,,,
15064,5056550,Edradour,10-year-old,"Old Label",closed,10,700,40.00,%vol,,,84.72,,,,259.68,EUR,Edradour,,"2020-12-20 17:33:24",https://static.whiskybase.com/storage/whiskies/1/5/064/65595-normal.png,78.34,EUR,,
35745,5057151,"Caol Ila","Young & Feisty McG","McGibbon's Provenance",open,,700,46.00,%vol,"Refill Hogshead",,84.60,,,,61.95,EUR,"Caol Ila",,"2020-12-20 19:52:22",https://static.whiskybase.com/storage/whiskies/3/5/745/75474-normal.png,,,,
52865,5057201,Glenrothes,"1997 SV","The Un-Chillfiltered Collection",open,16,700,46.00,%vol,"Refill Sherry Butt",,84.00,,,,44.9,EUR,Glenrothes,02.06.1997,"2020-12-20 19:58:54",https://static.whiskybase.com/storage/whiskies/5/2/865/95185-normal.png,73.03,EUR,,
169649,5063854,"Stork Club","Smoky Rye Whiskey",,closed,,500,50.00,%vol,"ex Laphroaig Casks, American & German Oak",,77.79,,,,48.27,EUR,"Spreewood Distillers",,"2020-12-22 17:15:55",https://static.whiskybase.com/storage/whiskies/1/6/9649/291679-normal.png,29.9,EUR,,
165926,5077126,Ardbeg,"An Oa","The BBQ Smoker Set",closed,,700,46.60,%vol,"ExBourbon Cask, Sherry and PXCasks",,86.01,,,,97.61,EUR,Ardbeg,,"2020-12-26 12:52:46",https://static.whiskybase.com/storage/whiskies/1/6/5926/282460-normal.png,62.08,EUR,,
139274,5077181,Laphroaig,30-year-old,"The Ian Hunter Story - Book 1",closed,30,700,46.70,%vol,"1st Fill American White Oak Bourbon Barrels",,91.58,,829.64,EUR,2013.57,EUR,Laphroaig,1987,"2020-12-26 13:06:22",https://static.whiskybase.com/storage/whiskies/1/3/9274/424704-normal.png,909.95,EUR,,
54072,5077213,Mortlach,"1954 GM","Rare Old",closed,58,700,43.00,%vol,"1st fill sherry butt",,93.13,,2658.10,EUR,2264.94,EUR,Mortlach,27.01.1954,"2020-12-26 13:12:34",https://static.whiskybase.com/storage/whiskies/5/4/072/86604-normal.png,2407.93,EUR,,
88728,5077240,Glenfarclas,10-year-old,,closed,10,200,40.00,%vol,,,78.93,,,,16.49,EUR,Glenfarclas,,"2020-12-26 13:16:46",https://static.whiskybase.com/storage/whiskies/8/8/728/179737-normal.png,,,,
225476,5084719,Ardbeg,Uigeadail,,closed,,700,54.20,%vol,"Bourbon / Sherry Casks",,86.02,,,,69.88,EUR,Ardbeg,,"2020-12-28 10:45:21",https://static.whiskybase.com/storage/whiskies/2/2/5476/400979-normal.png,67.61,EUR,,
166430,5099871,Laphroaig,30-year-old,"The Ian Hunter Story - Book 2",closed,30,700,48.20,%vol,"Spanish Oloroso Sherry",,91.15,,790.00,EUR,1700,EUR,Laphroaig,1989,"2020-12-31 17:59:03",https://static.whiskybase.com/storage/whiskies/1/6/6430/424707-normal.png,874.91,EUR,,
169411,5128243,"Caol Ila",12-year-old,"Islay Single Malt Whisky",closed,12,700,43.00,%vol,,,83.73,,33.99,EUR,55.87,EUR,"Caol Ila",,"2021-01-08 19:12:21",https://static.whiskybase.com/storage/whiskies/1/6/9411/288807-normal.png,43.25,EUR,,
169411,5128244,"Caol Ila",12-year-old,"Islay Single Malt Whisky",closed,12,700,43.00,%vol,,,83.73,,33.99,EUR,55.87,EUR,"Caol Ila",,"2021-01-08 19:12:35",https://static.whiskybase.com/storage/whiskies/1/6/9411/288807-normal.png,43.25,EUR,,
113099,5128246,Laphroaig,Cairdeas,"Feis Ile 2018",closed,,700,51.80,%vol,"1st Fill ex-Bourbon & Fino Sherry Casks",,86.17,,112.57,EUR,219.64,EUR,Laphroaig,,"2021-01-08 19:14:18",https://static.whiskybase.com/storage/whiskies/1/1/3099/398719-normal.png,115.27,EUR,,
113099,5128247,Laphroaig,Cairdeas,"Feis Ile 2018",closed,,700,51.80,%vol,"1st Fill ex-Bourbon & Fino Sherry Casks",,86.17,,112.57,EUR,219.64,EUR,Laphroaig,,"2021-01-08 19:14:27",https://static.whiskybase.com/storage/whiskies/1/1/3099/398719-normal.png,115.27,EUR,,
128973,5128250,Laphroaig,"1990 VM","The Cooper's Choice",closed,28,700,40.80,%vol,Bourbon,,90.34,,473.10,EUR,607.55,EUR,Laphroaig,10.1990,"2021-01-08 19:15:52",https://static.whiskybase.com/storage/whiskies/1/2/8973/419891-normal.png,374,EUR,,
88728,5128257,Glenfarclas,10-year-old,,closed,10,200,40.00,%vol,,,78.93,,,,16.49,EUR,Glenfarclas,,"2021-01-08 19:16:57",https://static.whiskybase.com/storage/whiskies/8/8/728/179737-normal.png,,,,
54178,5128264,Ardbeg,Auriverdes,"Limited Edition",closed,,700,49.90,%vol,"American Oak Casks",,85.89,,188.10,EUR,247.75,EUR,Ardbeg,-,"2021-01-08 19:18:26",https://static.whiskybase.com/storage/whiskies/5/4/178/376414-normal.png,104.6,EUR,,
2405,5128267,Ardbeg,"1998 Renaissance",,closed,10,700,55.90,%vol,,,87.86,,283.10,EUR,383.39,EUR,Ardbeg,1998,"2021-01-08 19:19:25",https://static.whiskybase.com/storage/whiskies/2/4/05/447266-normal.png,174.43,EUR,,
157209,5128272,Octomore,"10-year-old διάλογος / 208 PPM","2020 Fourth Limited Release",closed,10,700,54.30,%vol,,,87.57,,146.77,EUR,273.3,EUR,Bruichladdich,2009,"2021-01-08 19:20:35",https://static.whiskybase.com/storage/whiskies/1/5/7209/283224-normal.png,203.85,EUR,,
157209,5128274,Octomore,"10-year-old διάλογος / 208 PPM","2020 Fourth Limited Release",closed,10,700,54.30,%vol,,,87.57,,146.77,EUR,273.3,EUR,Bruichladdich,2009,"2021-01-08 19:20:42",https://static.whiskybase.com/storage/whiskies/1/5/7209/283224-normal.png,203.85,EUR,,
99421,5128276,Laphroaig,27-year-old,"Limited Edition",closed,27,700,41.70,%vol,"Ex-Bourbon Hogsheads & Refill Quarter Casks",,89.17,,473.10,EUR,687,EUR,Laphroaig,,"2021-01-08 19:22:14",https://static.whiskybase.com/storage/whiskies/9/9/421/159378-normal.png,473.38,EUR,,
167329,5128279,Laphroaig,25-year-old,"Cask Strength Edition",closed,25,700,49.80,%vol,"Ex-Bourbon Casks",,89.54,,330.60,EUR,450.47,EUR,Laphroaig,,"2021-01-08 19:24:01",https://static.whiskybase.com/storage/whiskies/1/6/7329/300453-normal.png,365.59,EUR,,
116673,5128283,Laphroaig,28-year-old,"Limited Edition",closed,28,700,44.40,%vol,"Quarter Casks, Bourbon Barrels, Sherry Butts",,90.74,,520.60,EUR,978.57,EUR,Laphroaig,,"2021-01-08 19:25:39",https://static.whiskybase.com/storage/whiskies/1/1/6673/194961-normal.png,520.63,EUR,,
124141,5128297,Glenallachie,10-year-old,"Cask Strength",closed,10,50,54.80,%vol,"Oloroso, PX, Virgin Oak",,84.55,,,,7.74,EUR,Glenallachie,,"2021-01-08 19:33:02",https://static.whiskybase.com/storage/whiskies/1/2/4141/213757-normal.png,,,,
67574,5215813,Glenfarclas,1964,"The Family Casks (Release Sp15)",closed,,700,46.40,%vol,"Sherry Butt",,93.00,,4582.38,EUR,4489.27,EUR,Glenfarclas,1964,"2021-02-01 17:09:00",https://static.whiskybase.com/storage/whiskies/6/7/574/118083-normal.png,2129.05,EUR,,
67585,5259869,"Glen Els",Ember,Woodsmoked,open,4,700,45.90,%vol,"Cream Sherry, Oloroso Sherry, Marsala, Malaga",,85.21,,69.50,EUR,63.75,EUR,"Glen Els",,"2021-02-13 17:41:55",https://static.whiskybase.com/storage/whiskies/6/7/585/105030-normal.png,40.7,EUR,,
67585,5259871,"Glen Els",Ember,Woodsmoked,closed,4,700,45.90,%vol,"Cream Sherry, Oloroso Sherry, Marsala, Malaga",,85.21,,69.50,EUR,63.75,EUR,"Glen Els",,"2021-02-13 17:42:05",https://static.whiskybase.com/storage/whiskies/6/7/585/105030-normal.png,40.7,EUR,,
175199,5259904,"The Alrik",Samhain,"Edition 1912",closed,,700,61.30,%vol,"1st Fill PX & 1st Fill PX Butt Finish",,88.82,,179.00,EUR,189.9,EUR,"Hercynian Distilling Co.",,"2021-02-13 17:45:08",https://static.whiskybase.com/storage/whiskies/1/7/5199/337950-normal.png,132,EUR,,
175199,5259905,"The Alrik",Samhain,"Edition 1912",open,,700,61.30,%vol,"1st Fill PX & 1st Fill PX Butt Finish",,88.82,,179.00,EUR,189.9,EUR,"Hercynian Distilling Co.",,"2021-02-13 17:45:16",https://static.whiskybase.com/storage/whiskies/1/7/5199/337950-normal.png,132,EUR,,
69812,5270100,"Glen Els","2008 - 2011","Künstlercollection #3",closed,,700,45.90,%vol,"Château Latour & Lafite Grand Cru Claret Cask",,83.90,,87.65,EUR,67.64,EUR,"Glen Els","2008 - 2011","2021-02-16 14:39:00",https://static.whiskybase.com/storage/whiskies/6/9/812/108903-normal.png,,,,
168262,5282298,WillowBurn,2015,"Small Batch - Cask Strength",closed,5,700,55.40,%vol,"1st fill Heaven Hill",,85.37,,79.88,EUR,79.4,EUR,"Hercynian Distilling Co.",2015,"2021-02-19 16:59:58",https://static.whiskybase.com/storage/whiskies/1/6/8262/289099-normal.png,,,,
222562,5303576,Torabhaig,2017,"The Legacy Series - The Inaugural Release",closed,,700,46.00,%vol,"First Fill Bourbon Barrels",,84.43,,110.50,EUR,208.12,EUR,Torabhaig,2017,"2021-02-25 19:42:07",https://static.whiskybase.com/storage/whiskies/2/2/2562/302175-normal.png,51.26,EUR,,
134096,5453789,Redbreast,21-year-old,"Triple Distilled And Matured",empty,21,700,46.00,%vol,,,88.82,,,,212.88,EUR,"Midleton (1975-)",,"2021-04-10 15:21:24",https://static.whiskybase.com/storage/whiskies/1/3/4096/244803-normal.png,204.49,EUR,,
75897,5453802,Finlaggan,"Cask Strength VM","Specially Selected",empty,,700,58.00,%vol,,,83.36,,,,43.88,EUR,,,"2021-04-10 15:23:10",https://static.whiskybase.com/storage/whiskies/7/5/897/136064-normal.png,41.8,EUR,,
177688,5453909,"Emperor's Way",2016,"4 Seasons - Distillery Exclusive",closed,,350,57.50,%vol,"PX Sherry Octave",,87.86,,49.25,EUR,84.87,EUR,"Hercynian Distilling Co.",2016,"2021-04-10 15:46:37",https://static.whiskybase.com/storage/whiskies/1/7/7688/306157-normal.png,,,,
177688,5453910,"Emperor's Way",2016,"4 Seasons - Distillery Exclusive",empty,,350,57.50,%vol,"PX Sherry Octave",,87.86,,49.25,EUR,84.87,EUR,"Hercynian Distilling Co.",2016,"2021-04-10 15:46:45",https://static.whiskybase.com/storage/whiskies/1/7/7688/306157-normal.png,,,,
177702,5453960,ElsBurn,2014,"4 Seasons - Distillery Exclusive",closed,,350,55.10,%vol,"Sherry Quarter Cask",,88.14,,49.25,EUR,119.99,EUR,"Hercynian Distilling Co.",2014,"2021-04-10 15:59:00",https://static.whiskybase.com/storage/whiskies/1/7/7702/306084-normal.png,,,,
177702,5453963,ElsBurn,2014,"4 Seasons - Distillery Exclusive",closed,,350,55.10,%vol,"Sherry Quarter Cask",,88.14,,49.25,EUR,119.99,EUR,"Hercynian Distilling Co.",2014,"2021-04-10 15:59:09",https://static.whiskybase.com/storage/whiskies/1/7/7702/306084-normal.png,,,,
177689,5453969,WillowBurn,2014,"4 Seasons - Distillery Exclusive",closed,,350,56.10,%vol,"Sherry Octave",,88.47,,49.25,EUR,84.87,EUR,"Hercynian Distilling Co.",2014,"2021-04-10 16:00:06",https://static.whiskybase.com/storage/whiskies/1/7/7689/306082-normal.png,,,,
177689,5453971,WillowBurn,2014,"4 Seasons - Distillery Exclusive",closed,,350,56.10,%vol,"Sherry Octave",,88.47,,49.25,EUR,84.87,EUR,"Hercynian Distilling Co.",2014,"2021-04-10 16:00:18",https://static.whiskybase.com/storage/whiskies/1/7/7689/306082-normal.png,,,,
177690,5453974,"The Alrik","4 Seasons - Distillery Exclusive",,closed,,350,54.20,%vol,"Sherry Quarter Cask",,88.31,,49.25,EUR,92.37,EUR,"Hercynian Distilling Co.",,"2021-04-10 16:01:05",https://static.whiskybase.com/storage/whiskies/1/7/7690/306085-normal.png,,,,
177690,5453977,"The Alrik","4 Seasons - Distillery Exclusive",,closed,,350,54.20,%vol,"Sherry Quarter Cask",,88.31,,49.25,EUR,92.37,EUR,"Hercynian Distilling Co.",,"2021-04-10 16:01:14",https://static.whiskybase.com/storage/whiskies/1/7/7690/306085-normal.png,,,,
181495,5697136,Glenallachie,18-year-old,,closed,18,700,46.00,%vol,,,85.90,,,,112.34,EUR,Glenallachie,,"2021-07-01 13:33:00",https://static.whiskybase.com/storage/whiskies/1/8/1495/313520-normal.png,125.62,EUR,,
152143,5697138,Glenallachie,11-year-old,"Moscatel Wood Finish",closed,11,700,48.00,%vol,"American Oak Barrels / Moscatel Wood Finish",,85.57,,,,73.93,EUR,Glenallachie,,"2021-07-01 13:33:59",https://static.whiskybase.com/storage/whiskies/1/5/2143/263327-normal.png,47.85,EUR,,
194076,5697141,Glenallachie,10-year-old,"Wood Finish Series - Port",closed,10,700,48.00,%vol,"Port Cask Finish",,84.22,,,,64,EUR,Glenallachie,,"2021-07-01 13:34:55",https://static.whiskybase.com/storage/whiskies/1/9/4076/228094-normal.png,36.19,EUR,,
80465,5697284,"Glen Spey",12-year-old,"Flora & Fauna",open,12,700,43.00,%vol,,,82.63,,,,52.4,EUR,"Glen Spey",,"2021-07-01 14:58:38",https://static.whiskybase.com/storage/whiskies/8/0/465/276731-normal.png,38.16,EUR,,
157206,5697286,Arran,"Barrel Reserve",Miniature,closed,,50,43.00,%vol,"Ex Bourbon Barrels",,80.85,,,,5.67,EUR,Arran,,"2021-07-01 14:59:20",https://static.whiskybase.com/storage/whiskies/1/5/7206/264430-normal.png,,,,
158382,5697288,Tullibardine,15-year-old,,closed,15,50,43.00,%vol,"Bourbon Casks",,82.90,,,,9.9,EUR,Tullibardine,,"2021-07-01 14:59:50",https://static.whiskybase.com/storage/whiskies/1/5/8382/269548-normal.png,,,,
127936,6146662,Tormore,"1988 SV","Cask Strength Collection",open,30,700,47.20,%vol,Hogsheads,,63.34,,,,157.55,EUR,Tormore,05.12.1988,"2021-12-10 18:13:41",https://static.whiskybase.com/storage/whiskies/1/2/7936/240045-normal.png,210.1,EUR,,
34313,6184154,Laphroaig,40-year-old,,closed,40,750,42.40,%vol,,"Alle Flaschen Christoph",94.00,,9990.00,EUR,10378.99,EUR,Laphroaig,,"2021-12-21 12:57:42",https://static.whiskybase.com/storage/whiskies/3/4/313/189207-normal.png,4003.79,EUR,,
167329,6193048,Laphroaig,25-year-old,"Cask Strength Edition",closed,25,700,49.80,%vol,"Ex-Bourbon Casks","Alle Flaschen Christoph",89.54,,408.55,EUR,450.47,EUR,Laphroaig,,"2021-12-23 18:15:53",https://static.whiskybase.com/storage/whiskies/1/6/7329/300453-normal.png,365.59,EUR,,
167329,6193051,Laphroaig,25-year-old,"Cask Strength Edition",closed,25,700,49.80,%vol,"Ex-Bourbon Casks","Alle Flaschen Christoph",89.54,,408.55,EUR,450.47,EUR,Laphroaig,,"2021-12-23 18:16:16",https://static.whiskybase.com/storage/whiskies/1/6/7329/300453-normal.png,365.59,EUR,,
191108,6197332,Candid,"Malt Whisky MCo","The new Disclosure expression",empty,,700,49.00,%vol,,"Alle Flaschen Christoph",87.15,,,,89.92,EUR,,,"2021-12-24 23:48:01",https://static.whiskybase.com/storage/whiskies/1/9/1108/336443-normal.png,90.85,EUR,,
177482,6197336,"Royal Salute",21-year-old,"The Signature Blend",open,21,700,40.00,%vol,,"Alle Flaschen Christoph",86.50,,,,226.24,EUR,,,"2021-12-24 23:49:26",https://static.whiskybase.com/storage/whiskies/1/7/7482/303968-normal.png,102.39,EUR,,
189723,6348621,Laphroaig,33-year-old,"The Ian Hunter Story - Book 3 ",closed,33,700,49.90,%vol,"Refill Ex-Bourbon Barrels",,91.46,,1190.00,EUR,1533.33,EUR,Laphroaig,1987,"2022-02-03 11:58:47",https://static.whiskybase.com/storage/whiskies/1/8/9723/336676-normal.png,781.04,EUR,,
186727,6348638,Flóki,03-year-old,"Sheep Dung Smoked Reserve",open,3,700,47.00,%vol,"ex-Flóki Young Malt",,79.69,,63.55,EUR,62.35,EUR,"Eimverk Distillery",,"2022-02-03 12:06:23",https://static.whiskybase.com/storage/whiskies/1/8/6727/324971-normal.png,88,EUR,,
185464,6348644,Flóki,03-year-old,"Icelandic Birch Finish",closed,3,700,47.00,%vol,"Icelandic Birchwood",,79.13,,61.65,EUR,85.92,EUR,"Eimverk Distillery",,"2022-02-03 12:07:57",https://static.whiskybase.com/storage/whiskies/1/8/5464/323325-normal.png,,,,
197955,6348656,Kyrö,Malt,"Malt Rye Whisky",open,,500,47.20,%vol,"American white oak",,79.04,,50.00,EUR,55.95,EUR,"Kyrö Distillery Company",,"2022-02-03 12:12:44",https://static.whiskybase.com/storage/whiskies/1/9/7955/357630-normal.png,23,EUR,,
219041,7027478,"Glen Moray","14-year-old BW","A Dream of Scotland - The Tasteful 8",open,14,700,51.70,%vol,"Ex-Bourbon & Vino de Naranja Finish",,85.47,,84.90,EUR,128,EUR,"Glen Moray",,"2022-10-14 13:10:58",https://static.whiskybase.com/storage/whiskies/2/1/9041/393931-normal.png,86.9,EUR,,
219029,7027485,"Islay South Coast","16-year-old BW","A Dream of Scotland - The Tasteful 8",closed,16,700,51.60,%vol,"Refill Sherry & Syrah Wine Finish",,87.72,,248.90,EUR,329.9,EUR,,2006,"2022-10-14 13:13:11",https://static.whiskybase.com/storage/whiskies/2/1/9029/390703-normal.png,206.8,EUR,,
218056,7027621,Clynelish,13-year-old,"Hand Filled Distillery Exclusive",closed,13,700,59.90,%vol,"Bourbon Cask",,88.59,,144.82,EUR,233.63,GBP,Clynelish,2009,"2022-10-14 13:28:12",https://static.whiskybase.com/storage/whiskies/2/1/8056/386230-normal.png,161.45,EUR,,
209028,7027639,"Highland Park",14-year-old,"Distillery Exclusive Cask Strength",closed,14,700,63.80,%vol,"Refill  Butt",,89.57,,230.00,EUR,175,GBP,"Highland Park",,"2022-10-14 13:32:28",https://static.whiskybase.com/storage/whiskies/2/0/9028/368423-normal.png,372.07,EUR,,
168664,7097452,"1770 Glasgow",Peated,"Rich & Smoky",open,,500,46.00,%vol,"Virgin Oak / PX Sherry Finish",,84.22,,,,56.54,EUR,"The Glasgow Distillery Co.",,"2022-11-06 15:00:02",https://static.whiskybase.com/storage/whiskies/1/6/8664/306844-normal.png,53.9,EUR,,
162856,7097472,"Caol Ila",12-year-old,"Islay Single Malt Whisky",closed,12,200,43.00,%vol,,,84.00,,,,,,"Caol Ila",,"2022-11-06 15:04:58",https://static.whiskybase.com/storage/whiskies/1/6/2856/275593-normal.png,30.29,EUR,,
215847,7097476,"Islay Blended Malt Scotch Whisky","Cask Edit ElD","Elements of Islay",open,,700,46.00,%vol,"Refill Bourbon and Sherry Casks",,84.27,,,,45.78,EUR,,,"2022-11-06 15:06:19",https://static.whiskybase.com/storage/whiskies/2/1/5847/394610-normal.png,53.19,EUR,,
191355,7235049,mettermalt,"Old Blind Dogs","Sonderedition 2021",closed,,500,40.00,%vol,"Scottish & German (Württemberg) casks",,78.00,,,,34.9,EUR,"fesslermill 1396",,"2022-12-17 20:57:40",https://static.whiskybase.com/storage/whiskies/1/9/1355/347568-normal.png,,,,
208618,7279269,Bunnahabhain,"1998 AD",Limited,closed,23,700,53.50,%vol,"Refill Oloroso Sherry Gorda",,87.72,,599.00,EUR,629.95,EUR,Bunnahabhain,1998,"2022-12-30 15:47:32",https://static.whiskybase.com/storage/whiskies/2/0/8618/373589-normal.png,350.9,EUR,,
220470,7407577,Octomore,"Edition 13.2 / 137.3 PPM","The Impossible Equation",closed,5,700,58.30,%vol,"Fernando dè Castilla Oloroso Sherry",,87.95,,130.00,EUR,219.06,EUR,Bruichladdich,,"2023-02-09 17:48:18",https://static.whiskybase.com/storage/whiskies/2/2/0470/390297-normal.png,138.66,EUR,,
227755,7533415,"The Cask Wizard","12-year-old TCaWi","The Trinity",empty,12,700,55.50,%vol,"Tawny Port, Cream Sherry, Madeira",,88.09,,90.00,EUR,101.6,EUR,,,"2023-03-24 17:04:26",https://static.whiskybase.com/storage/whiskies/2/2/7755/408159-normal.png,95.7,EUR,,
227755,7533416,"The Cask Wizard","12-year-old TCaWi","The Trinity",closed,12,700,55.50,%vol,"Tawny Port, Cream Sherry, Madeira",,88.09,,130.00,EUR,101.6,EUR,,,"2023-03-24 17:04:38",https://static.whiskybase.com/storage/whiskies/2/2/7755/408159-normal.png,95.7,EUR,,
223001,7533420,"Islay Blended Malt","06-year-old MNC","Islay Clash",closed,6,700,53.40,%vol,"Bourbon Cask Matured +  21m Oloroso Finish",,85.41,,100.00,EUR,69.9,EUR,,,"2023-03-24 17:05:34",https://static.whiskybase.com/storage/whiskies/2/2/3001/397181-normal.png,,,,
236999,7944147,"The Cask Wizard","2010 TCaWi","The Double",empty,13,700,54.20,%vol,"Pedro Ximénez & Oloroso Matured",,87.77,,,,94.95,EUR,,03.2010,"2023-09-08 13:57:50",https://static.whiskybase.com/storage/whiskies/2/3/6999/425124-normal.png,118.43,EUR,,
169172,7952892,Ballechin,10-year-old,,empty,10,700,46.00,%vol,"ex-Bourbon and ex-Oloroso",,84.64,,,,59.95,EUR,Edradour,,"2023-09-12 12:14:35",https://static.whiskybase.com/storage/whiskies/1/6/9172/288445-normal.png,40.8,EUR,,
238261,7952895,"The Ileach","Peated Islay Malt H&I","Cask Strength",closed,,700,58.00,%vol,"Ex-Bourbon American White Oak Casks",,81.00,,,,44.95,USD,,,"2023-09-12 12:15:59",https://static.whiskybase.com/storage/whiskies/2/3/8261/427142-normal.png,29.62,EUR,,
191466,7952901,Glenfarclas,2009,,closed,,700,46.00,%vol,"Oloroso Sherry casks",,83.53,,,,85,EUR,Glenfarclas,2009,"2023-09-12 12:18:20",https://static.whiskybase.com/storage/whiskies/1/9/1466/336572-normal.png,52.25,EUR,,
91671,7952910,Talisker,Skye,"Made by the Sea",closed,,50,45.80,%vol,,,79.31,,,EUR,8.45,EUR,Talisker,,"2023-09-12 12:23:53",https://static.whiskybase.com/storage/whiskies/9/1/671/281130-normal.png,19.34,EUR,,
62854,7952917,Talisker,10-year-old,"Made by the Sea",closed,10,50,45.80,%vol,,,81.98,,,EUR,9.9,EUR,Talisker,,"2023-09-12 12:27:17",https://static.whiskybase.com/storage/whiskies/6/2/854/278851-normal.png,,,,
91670,7952923,Talisker,Storm,"Made by the Sea",closed,,50,45.80,%vol,,,80.00,,,EUR,7.94,EUR,Talisker,,"2023-09-12 12:27:56",https://static.whiskybase.com/storage/whiskies/9/1/670/155919-normal.png,,,,
112155,8041670,Ballechin,10-year-old,,closed,10,700,46.00,%vol,"Ex-Bourbon + Ex-Oloroso Sherry Casks",,83.24,,45.50,EUR,50.75,EUR,Edradour,,"2023-10-20 15:32:47",https://static.whiskybase.com/storage/whiskies/1/1/2155/185711-normal.png,40.8,EUR,,
237365,8041692,Octomore,"Edition 14.2 / 128.9 PPM","The Impossible Equation",closed,5,700,57.70,%vol,"1st fill Oloroso + 1st and 2nd fill Amarone",,87.47,,168.00,EUR,191.69,EUR,Bruichladdich,2017,"2023-10-20 15:35:05",https://static.whiskybase.com/storage/whiskies/2/3/7365/427449-normal.png,137.14,EUR,,
237365,8041695,Octomore,"Edition 14.2 / 128.9 PPM","The Impossible Equation",closed,5,700,57.70,%vol,"1st fill Oloroso + 1st and 2nd fill Amarone",,87.47,,168.00,EUR,191.69,EUR,Bruichladdich,2017,"2023-10-20 15:35:13",https://static.whiskybase.com/storage/whiskies/2/3/7365/427449-normal.png,137.14,EUR,,
232338,8069451,Macallan,15-year-old,"Double Cask",open,15,700,43.00,%vol,"Sherry Seasoned American and European Oak",,87.81,,,EUR,161,EUR,Macallan,,"2023-10-31 08:53:55",https://static.whiskybase.com/storage/whiskies/2/3/2338/414491-normal.png,127.68,EUR,,
189934,8069454,"Port Charlotte",2013,"Islay Barley",closed,8,700,50.00,%vol,"75 %Oak Casks, 25% First Fill Redwine",,86.28,,,EUR,63.14,GBP,Bruichladdich,2013,"2023-10-31 08:56:05",https://static.whiskybase.com/storage/whiskies/1/8/9934/333700-normal.png,65.26,EUR,,
120944,8253175,Dalwhinnie,15-year-old,"The Gentle Spirit",closed,15,700,43.00,%vol,,,81.36,,,EUR,48.77,EUR,Dalwhinnie,,"2024-01-03 11:07:56",https://static.whiskybase.com/storage/whiskies/1/2/0944/281590-normal.png,39.2,EUR,,
228627,8253182,Balblair,18-year-old,,open,18,700,46.00,%vol,"Am. Oak Bourbon / 1st Fill Spanish Oak Butt",,85.33,,,EUR,,,Balblair,,"2024-01-03 11:10:29",https://static.whiskybase.com/storage/whiskies/2/2/8627/407211-normal.png,95.59,EUR,,
232954,8628882,Bowmore,18-year-old,"Feis Ile 2023",empty,18,700,52.80,%vol,"Oloroso and Pedro Ximenez sherry",,89.02,,263.00,EUR,499.95,GBP,Bowmore,,"2024-06-01 17:57:41",https://static.whiskybase.com/storage/whiskies/2/3/2954/421888-normal.png,231.57,EUR,,
258513,8628885,Ardnahoe,05-year-old,"Inaugural Release",closed,5,700,50.00,%vol,"Ex-Bourbon and Ex-Oloroso Sherry",,85.79,,97.41,EUR,84.9,EUR,"Ardnahoe Distillery",,"2024-06-01 18:00:08",https://static.whiskybase.com/storage/whiskies/2/5/8513/474327-normal.png,76.87,EUR,,
251286,8628895,Longrow,"Hand Filled Distillery Exclusive",,open,,200,56.60,%vol,,,89.00,,148.43,EUR,,,Springbank,,"2024-06-01 18:07:01",https://static.whiskybase.com/storage/whiskies/2/5/1286/451987-normal.png,,,,
255113,8635594,Laphroaig,2016,"Handfilled - Distillery only",closed,,350,57.60,%vol,,,88.00,,,,,,Laphroaig,2016,"2024-06-04 13:16:58",https://static.whiskybase.com/storage/whiskies/2/5/5113/457650-normal.png,,,,
242430,8714587,Dingle,"Grianstad an Gheimhridh","Wheel of the Year",open,,700,50.50,%vol,"Ex-Bourbon, Tawny Port Finish",,85.55,,,,85.9,EUR,"The Dingle Whiskey Distillery",,"2024-07-13 20:26:51",https://static.whiskybase.com/storage/whiskies/2/4/2430/437305-normal.png,53.74,EUR,,
252468,8885932,Bowmore,19-year-old,"Feis Ile 2024",empty,19,700,54.80,%vol,"Double Matured in Virgin American Oak Barrel",,88.52,,238.88,EUR,369.5,GBP,Bowmore,,"2024-10-10 12:25:21",https://static.whiskybase.com/storage/whiskies/2/5/2468/514275-normal.png,235.91,EUR,,
238022,8885940,Lagavulin,15-year-old,"Islay Jazz Festival 2023",open,15,700,53.90,%vol,"Oloroso Sherry Butt Finish",,87.83,,268.74,EUR,399,GBP,Lagavulin,,"2024-10-10 12:31:55",https://static.whiskybase.com/storage/whiskies/2/3/8022/429822-normal.png,232.29,EUR,,
259590,8885983,Bunnahabhain,"2013 Moine","Warehouse 9 - Hand-Filled Exclusive",closed,,200,57.90,%vol,Bordeaux,,87.67,,45.00,EUR,,,Bunnahabhain,2013,"2024-10-10 13:06:07",https://static.whiskybase.com/storage/whiskies/2/5/9590/466513-normal.png,,,,
224117,8888983,Bruichladdich,12-year-old,"Private Cask Bottling",closed,12,700,60.50,%vol,"Hogshead Rivesaltes wine",,85.50,,119.42,EUR,,,Bruichladdich,10.12.2009,"2024-10-11 18:14:53",,90.18,EUR,,
224117,8888992,Bruichladdich,12-year-old,"Private Cask Bottling",closed,12,700,60.50,%vol,"Hogshead Rivesaltes wine",,85.50,,119.42,EUR,,,Bruichladdich,10.12.2009,"2024-10-11 18:16:19",,90.18,EUR,,
46433,9081365,"Glen Grant","1964 GM","Licensed Bottling",closed,,700,40.00,%vol,,,91.62,,,,754.9,EUR,"Glen Grant",1964,"2024-12-27 15:55:09",https://static.whiskybase.com/storage/whiskies/4/6/433/106109-normal.png,1012,EUR,,
159816,9081380,Auchentoshan,"Three Wood","Rich And Elegant",empty,,700,43.00,%vol,"Bourbon + Oloroso & PX Sherry Finish",,82.13,,42.90,EUR,39.09,EUR,Auchentoshan,,"2024-12-27 16:02:31",https://static.whiskybase.com/storage/whiskies/1/5/9816/268671-normal.png,34.96,EUR,,
249076,9081390,Balvenie,12-year-old,DoubleWood,open,12,700,40.00,%vol,"Sherry Finish",,82.09,,54.90,EUR,,,Balvenie,,"2024-12-27 16:07:01",https://static.whiskybase.com/storage/whiskies/2/4/9076/447689-normal.png,50.98,EUR,,
251281,9081397,Lagavulin,16-year-old,"Islay Single Malt Scotch Whisky",open,16,700,43.00,%vol,,,85.64,,79.90,EUR,83,GBP,Lagavulin,,"2024-12-27 16:09:25",https://static.whiskybase.com/storage/whiskies/2/5/1281/451882-normal.png,73.82,EUR,,
237368,9081493,Octomore,"15.2 / 108.2 PPM","The Impossible Equation",open,5,700,57.90,%vol,"2nd-Fill Wine+Bourbon, 1st-Fill Cognac Finish",,86.72,,168.00,EUR,181.04,EUR,Bruichladdich,2018,"2024-12-27 16:33:17",https://static.whiskybase.com/storage/whiskies/2/3/7368/469036-normal.png,133.86,EUR,,
237368,9081496,Octomore,"15.2 / 108.2 PPM","The Impossible Equation",closed,5,700,57.90,%vol,"2nd-Fill Wine+Bourbon, 1st-Fill Cognac Finish",,86.72,,168.00,EUR,181.04,EUR,Bruichladdich,2018,"2024-12-27 16:33:56",https://static.whiskybase.com/storage/whiskies/2/3/7368/469036-normal.png,133.86,EUR,,
237368,9081497,Octomore,"15.2 / 108.2 PPM","The Impossible Equation",closed,5,700,57.90,%vol,"2nd-Fill Wine+Bourbon, 1st-Fill Cognac Finish",,86.72,,168.00,EUR,181.04,EUR,Bruichladdich,2018,"2024-12-27 16:34:00",https://static.whiskybase.com/storage/whiskies/2/3/7368/469036-normal.png,133.86,EUR,,
201918,9081501,Tomintoul,2006,"Limited Edition",open,15,700,46.00,%vol,"Ex-Bourbon AO + Port Pipe Finish",,84.90,,,,99.4,EUR,Tomintoul,2006,"2024-12-27 16:35:32",https://static.whiskybase.com/storage/whiskies/2/0/1918/382963-normal.png,64.88,EUR,,
186727,9081509,Flóki,03-year-old,"Sheep Dung Smoked Reserve",open,3,700,47.00,%vol,"ex-Flóki Young Malt",,79.69,,,,62.35,EUR,"Eimverk Distillery",,"2024-12-27 16:39:09",https://static.whiskybase.com/storage/whiskies/1/8/6727/324971-normal.png,88,EUR,,
259629,9081517,Bladnoch,Alinta,"TWTwinned Cask Collection",open,,700,47.00,%vol,"PX Sherry & Ex Bourbon",,84.80,,,,72.45,EUR,Bladnoch,,"2024-12-27 16:42:33",https://static.whiskybase.com/storage/whiskies/2/5/9629/485438-normal.png,57.22,EUR,,
186727,9081521,Flóki,03-year-old,"Sheep Dung Smoked Reserve",closed,3,700,47.00,%vol,"ex-Flóki Young Malt",,79.69,,61.90,EUR,62.35,EUR,"Eimverk Distillery",,"2024-12-27 16:45:44",https://static.whiskybase.com/storage/whiskies/1/8/6727/324971-normal.png,88,EUR,,
134096,9081527,Redbreast,21-year-old,"Triple Distilled And Matured",closed,21,700,46.00,%vol,,,88.82,,178.00,EUR,212.88,EUR,"Midleton (1975-)",,"2024-12-27 16:51:28",https://static.whiskybase.com/storage/whiskies/1/3/4096/244803-normal.png,204.49,EUR,,
219348,9081545,Kavalan,Solist,"Vinho Barrique",open,,700,55.60,%vol,"Vinho Barrique",,89.16,,138.50,EUR,125.42,EUR,Kavalan,03.12.2015,"2024-12-27 16:58:36",https://static.whiskybase.com/storage/whiskies/2/1/9348/404143-normal.png,133.62,EUR,,
251281,9081551,Lagavulin,16-year-old,"Islay Single Malt Scotch Whisky",closed,16,700,43.00,%vol,,,85.64,,79.90,EUR,83,GBP,Lagavulin,,"2024-12-27 17:00:07",https://static.whiskybase.com/storage/whiskies/2/5/1281/451882-normal.png,73.82,EUR,,
246020,9087516,Aberlour,"A'bunadh batch #80",,open,,700,61.00,%vol,"Oloroso Sherry Butts",,85.37,,,,72.43,EUR,Aberlour,,"2024-12-29 18:30:14",https://static.whiskybase.com/storage/whiskies/2/4/6020/450447-normal.png,63.91,EUR,,
151979,9132073,Glenfiddich,15-year-old,"Our Solera Fifteen",closed,15,700,40.00,%vol,"Bourbon, New Oak & Sherry Casks",,77.46,,50.00,EUR,49.59,EUR,Glenfiddich,,"2025-01-17 15:25:47",https://static.whiskybase.com/storage/whiskies/1/5/1979/256249-normal.png,45.44,EUR,,
269781,9169494,Bruichladdich,2011,"Valinch Tasting at Fleckners Finest Food in der St. Bernardus Kapelle",closed,13,500,56.70,%vol,"2nd Fill Rivesaltes",,89.00,,142.50,EUR,142.5,EUR,Bruichladdich,26.04.2011,"2025-02-03 11:37:49",https://static.whiskybase.com/storage/whiskies/2/6/9781/485958-normal.png,,,,
229956,9365019,Glenallachie,2012,"Cuvée Cask Finish",closed,10,700,54.90,%vol,"PX, Moscatel & Ruby Port",,85.40,,180.00,EUR,79.9,EUR,Glenallachie,2012,"2025-04-28 18:16:11",https://static.whiskybase.com/storage/whiskies/2/2/9956/409203-normal.png,47.67,EUR,,
156978,9494788,Chita,"Distiller's Reserve","Single Grain Japanese Whisky",closed,,700,43.00,%vol,"ex casks of vine xérès and bourbon",,79.99,,,,56.72,EUR,Chita,,"2025-07-06 12:49:59",https://static.whiskybase.com/storage/whiskies/1/5/6978/310665-normal.png,44.24,EUR,,
282751,9618646,"Secret Speyside","37-year-old BW","A Dream of Scotland - The Tasteful 8",closed,37,700,45.80,%vol,"Refill Sherry Hogshead",,89.07,,398.00,EUR,398,EUR,,,"2025-09-21 15:51:12",https://static.whiskybase.com/storage/whiskies/2/8/2751/516606-normal.png,,,,
287244,9670724,"The Nine Springs","Marsala Cask","Peated Breeze Edition",open,,500,48.00,%vol,"Ex-Bourbon, finished in Marsala",,85.33,,,EUR,,,"Number Nine Spirituosenmanufaktur",,"2025-10-19 13:14:56",https://static.whiskybase.com/storage/whiskies/2/8/7244/486562-normal.png,,,,
240008,9711086,"Mull's Finest","2014 MM","Mystery Malt - Limited Release",open,8,700,56.30,%vol,"Justino's Madeira PX Cask",,85.48,,,,76.9,EUR,,2014,"2025-11-08 14:28:36",https://static.whiskybase.com/storage/whiskies/2/4/0008/430482-normal.png,,,,
164326,9711090,Macallan,12-year-old,"Sherry Oak",open,12,700,40.00,%vol,"Sherry Oak Casks from Jerez",,86.67,,,,69,EUR,Macallan,,"2025-11-08 14:31:55",https://static.whiskybase.com/storage/whiskies/1/6/4326/278731-normal.png,109.59,EUR,,
261099,9711107,Kavalan,LÁN,,open,,700,43.00,%vol,"Bourbon-, Port- & STR-Wine",,84.73,,,,77.3,EUR,Kavalan,,"2025-11-08 14:43:05",https://static.whiskybase.com/storage/whiskies/2/6/1099/477068-normal.png,79.83,EUR,,
273315,9729443,Octomore,2012,"Single Cask",closed,11,700,60.40,%vol,"Second-Fill Monbazillac",,90.91,,459.00,EUR,664,EUR,Bruichladdich,2012,"2025-11-16 17:44:46",https://static.whiskybase.com/storage/whiskies/2/7/3315/493473-normal.png,625.9,EUR,,
266892,9779105,"Loch Lomond",2010,"Specially Bottled",closed,14,700,46.00,%vol,"Amarone finish",,83.54,,,,71.95,EUR,"Loch Lomond",2010,"2025-12-08 12:29:05",https://static.whiskybase.com/storage/whiskies/2/6/6892/478051-normal.png,50.92,EUR,,
274890,9801098,"Secret Speyside","1977 BW","Mr. Bonn's Choice",closed,47,700,53.20,%vol,"Sherry Hogshead",,92.48,,1899.00,EUR,1899,EUR,,1977,"2025-12-17 23:29:38",https://static.whiskybase.com/storage/whiskies/2/7/4890/496800-normal.png,,,,
282592,9801100,"North British","2009 DT","The Octave",closed,16,700,54.70,%vol,"Ruby Port Octave Finish",,0.00,,59.90,EUR,65,EUR,"North British",02.03.2009,"2025-12-17 23:32:36",https://static.whiskybase.com/storage/whiskies/2/8/2592/508649-normal.png,,,,
